,0
[unknown],8131
"Browne, D.L.",46
"David, Kitty",224
"Jue, Frank",672
"MacMunn, Charles",10
"Patterson, Harry",41
International Silver Company of Canada,16
"H.S. Harwood, Mr. and Mrs.",291
Mappin and Webb,46
Elkington and Company,68
Limoges,18
Alfred Meakin,12
E. Chapman Limited,1
Collingwood China Ltd.,4
Ridgway Potteries,8
Medalta,5
Minton,31
North Staffordshire Pottery Company,8
"Yip, Randall",24
Canadian Broadcasting Corporation,5
Public Schools of British Columbia,23
"Price, J. Glanville",1
W.H. Grindley and Company,62
John Maddock and Sons,29
Piper,1
Empress Manufacturing Company,4
Canadian Pacific Limited,1243
CP Ships,38
CP Rail,48
"Fraser, Norman",6
"King, Cecil",2
"Finch, W. G.",2
Canadian Pacific Railway Company,1643
"Blake, Arthur E.",105
"Crawford, Lawrence",583
"Pollard, Harry",231
"Fraser, Donald",86
"Power, Sir James, and Lady Power",154
"Sykes, Frank B.",185
"Ratcliffe, E.M.E.",117
Canadian Car and Foundry,86
Hill,1
Canadian Pacific Steamships Ocean Services Limited,1692
Colibri Lighters,1
Thermos Bottle Company,2
"Landers, Frary and Clark",1
Birmingham Silver Plate Limited,2
Morton-Parke,3
Wiley and Company,1
"British Silverware, Ltd.,  Mappin and Webb",1
Mitchell,1
Taylor and Kent,2
Elizabethan Fine Bone China,2
Sutherland,2
Dominion Glass Company,1
Royal Worcester,4
Hall China Company,5
J. and G. Meakin,1
W.T. Copeland,3
Sovereign Potters,3
Syracuse China Corporation,4
Radfords,3
Hammersley & Co. Bone China,1
Crown Staffordshire Porcelain Co. Ltd.,2
Williamson's,1
Rosenthal,1
Herbert Bushell and Son,1
Canadian Pacific Railway Company. British Columbia Coast Steamship Service,475
Yucho Chow Studio,20
White Studio,4
Wing Sang Company,10
Yip Sang (Family),1
"De Laval, John",40
"Mitchell-Foley, Ltd",1
F.G. Clover Co.,1
Camay,1
Proctor & Gamble,1
"Eddy Match Company (Quebec, Canada)",3
Kessler Productions,1
Deisgners Three Incorporated,1
E.T. Wright & Company,1
Hiram L. Piper Company,2
nan,448
"Bryson, James",1
CP Air,50
British Columbia Coast Steamships,26
Political Activities of the Chinese,2
Office Specialty Manufacturing Company,1
B. I. and H. Company,1
Fairfield Shipbuilding and Engineering Company,8
"Muir, Jessie",1
Seth Thomas Clock Company,1
A. Fleming and Company,1
Birks,1
Tress London Hats,1
J.C. Deagan Musical Bells,1
"Mar, Ramona",1
"Orr Marples, James",1
British Columbia. Lieutenant-Governor. (Francis 1881-1887),1
"Wilkinson, Norman",12
"Mason, Frank M.",1
"Dixon, Charles",4
Canadian Illustrated News,1
"Phillips, W.J.",1
"Rosenvinge, Odin",4
Poole Bros. Chicago.,1
"Hardcastle, J.H.",1
"Richmond, Leonard",5
"Tavis, G.H.",1
"Kitzig, W.",2
"Pansing, Fred",4
"Ewart, Peter",7
"Arbuckle, Franklin",1
"Kelly, J.D.",2
"Bonestell, Chesley",1
"Hilder, A.H.",3
"Logan, Maurice",2
"Armington, Frank M.",2
"Morant, Nicholas",2
"Gordon, F.",1
"Alavoine, David",1
Paterson,2
W.B.,1
"Warren, Ray",2
Chinese United Growers' Association,4
Chinese Workers Protective Association,2
Consulate of the Republic of China,1
"Quon, Long",1
Lum Ting,1
Canada,26
Nan Young Hong Association,1
Chinese Student's Association,5
New China Publishing Co.,1
Vancouver Evening Sun,1
Government of Canada. Department of the Secretary of State of Canada.,4
Sing Tao Daily,3
Globe and Mail,1
Vancouver Sun,6
Chinese Cultural Centre of Vancouver,7
United Chinese Community Enrichment Services Society,1
Christian Info News,1
"Chinese Benevolent Association (Vancouver, B.C.)",9
"Yip, Susan",5
Chinese Nationalist League,1
Great Britain. Admiralty,1
Mundy Maps Co.,31
Provincial Planning Board,2
Office of the Surveyor General,1
"Stanford, Edward",2
Burrard Dry Dock Company Limited,1
Yarrows Limited,1
Royal Naval Reserve,1
Art Crafts Guild,3
"Colling, L.J.",1
Hamburg-American Line,23
The French Line,1
Vancouver Maritime Museum,1
"Jenner, Paul",1
Marine Design Associates,1
Vanity Fair,2
"Prior, Melton",3
"Barclay, J.",1
"Fraser, John A.",1
"M.,J.",2
Bullen & Lamb,1
Alaska Steamship Company,4
"Bannard, John L.",1
W.D. & H.O. Wills,1
Allan Brothers & Company U.K. Limited,1
"Clarke, Anthony",1
"Kauffmann, G.Y.",1
"Ward, Dudley",1
"Erny, E.",1
"King, Marcus",1
"Stuerken, E.A.",1
"Hughes, E.J.",1
"Lynde, Peter",2
"Rodmell, Harry Hudson",1
"Staynes, Percy Angelo",1
"Mann, James S.",1
"Gribble, Bernard",1
"Leighton, Alfred Crocker",7
"Ritchie, Alick P.F.",1
"Couillard, Roger",5
"Shoesmith, Kenneth",2
"Sherriff-Scott, Adam",1
"Langdon, Shepard and Company",1
"Beaven, Robert",1
"Swales, G.O.",1
"Meiser, J.A.",1
"Savard, A.",2
Unknown,2
"Hudson, G.H.E.",1
"Schrüder, Robert",1
"Lamy, J.",1
"Beck, S.E.",1
"Loney, Don",1
"Gillespie, Gordon Fraser",1
"Jackson, Alexander Young",1
"Crockart, James",1
CP Hotels,8
Canadian Pacific Navigation Company Limited,3
Vancouver Island (Colony),1
J. Alf Dagenais Elite Studio,1
Leong Ding Bong,1
Marcel Photographic Reproductions,1
"Moore, [Elbridge W.]",1
"Lee, Bo Hong",2
Canadian Pacific Air Lines,107
Dominion Express Company,2
Cranbrook Railway Museum,1
Vancouver Antiquarian Book Club,2
Glenbow-Alberta Institute. Glenbow Museum,14
Canadian Pacific Hotels,253
CP Bygones,2
National Museum of Science and Technology,2
Hong Kong Tourist Association,1
"MacDonell, Roderick Andrew",2
"Richardson, Carrie Ingels",28
Fort William. Office of the Resident Engineer,1
"Morris, J.",1
Canada. Department of Railways and Canals,3
Scottish Immigrant Aid Society,3
"Valentine, J.S.",1
"McKell, James",1
"Holling, R.",1
Rosetti Studios,1
"Wand, Cecil B.",15
Campbell's Art Gallery,1
"Thompson, Stephen Joseph",4
"Rose, H.M.",2
Kodak Canada Inc.,1
Natural color productions,3
"Timms, Philip Thomas",11
"Reilly, J.J.",1
"Schramm, Mathieu",2
"Knight, Geo H.",1
Misses Mudge,1
Metcalf,1
"Beals, Henry Sherman",1
C. Bannister Limited,1
"Gold, Wilmer H.",1
"Baxter, J.H.",1
Topical Press Agency,17
"Watkins, Carleton",2
"Spooner, J. Pitcher",1
Thomas Houseworth & Co.,1
"Muybridge, Eadweard",1
"Kilburn, Benjamin West",3
"Hart, Alfred A.",1
"Slevin, L.",1
"Piltz, Stanley A.",3
"Lee, Jake",1
"Silbersten, Mervyn D.",2
"Weidner, Charles",2
"Sherriff, J.A.",1
"Bohm, Charles",1
Hodson,1
"Hamacher, Ephraim J.",2
Granada Studio,1
Baoguang Photography,1
Pokwong,1
Campbell Studio,5
Wand Studio,5
Ying Ming Studio,1
Krass studio,1
Bauzong Studio,1
"White, J.",1
Bailey Brothers Company,3
Chevrons studio,1
Loo Shaw Studio,1
Alma Photographic Studio,1
"Wai, W.H.",2
Carleton Photo,2
Wadds Brothers,4
"Ward, H.D.",1
"Davidson, I.G.",1
"Palmer, Alfred T.",1
"Bates, Philip S.",1
"Washburn, W.W.",1
"Nelson, C. A.",1
"Haynes, Frank Jay",1
"Fong, Get",1
Brown,5
Johnson Studio,3
"Tichner, J.",2
Weston Studio,1
"Chung, Wallace B.",40
"Butler, E.P.",2
May's Photo,1
"McAlpin, Arthur B. and Lamb, Charles",1
Wolfe Photo,2
Sloan,1
Sai Wo Studio,1
"Hong, L.B.",6
Wong B. Kwai Studio,2
W. H. Wills Studio,1
Story Photo Company,1
"Lowe, Skene",2
Bidwell Studio,1
"Rutter, Thomas H.",1
"Sun, L.H.",1
"Taylor, J.M.",1
May's Studio,2
"Frank, Leonard",12
"White, H.E.",1
"[Bailey, Charles S.]",1
William Notman and Son Photography,18
Associated Screen News Limited,760
"Hodge, Jack R.",18
"Case, William Howard",1
"Borchers, Louis",2
W. Ralston Limited,1
"Atkins, W.",4
Jack Cash Photographic Studios,4
"Simpson, George N.Y.",1
"Wrathall, Jack",1
"Fleming Brothers (Victoria, B.C.)",1
"Ramsey, Carolyn",2
W. and G. Baird Limited,1
Kennedy Photographer,8
Canadian Army Photo,1
"Climo, Halifax",1
National Defense Photograph Canada,1
W.&D. Downey,1
Bedford Lemere and Co. architectural photographers,18
"Sport & General Press Agency, Ltd.",1
Willson Stationery,1
"Davies, John",1
"Maynard, R.",9
Steele and Company,3
"Turner, Robert",5
"Lindsay, Jack",1
Graphic Industries,2
"Wadds, George T.",2
"Thomson, Stuart",11
R.H. Trueman & Co.,10
Bourne & May Ltd.,7
Underwood & Underwood Incorporated,3
"Forde, Jno",4
"Cooke, J.F.",5
"Forde, John",2
"Thom, A.B.",32
"Williams, David M.",1
Keystone View Company,3
Trueman & Caple,1
"Bale, Stewart",5
Canadian Pacific Steamship Company,212
Knights Limited,3
"Pinnington, Bernard",1
H. Shorey & Company,1
"Notman, William",21
"Adamson, James",2
"Elkan, Karl Heinz",8
Mayo and Weed,1
"Cochrane, Fredrick E.",6
Taber Studio,4
"Ttaber, I.W.",1
"Fiske, George",25
"Johnson, C.W.",6
Thom Studio,12
"Larson, T.N.",1
"Ing, Douglas",24
"Robinson, Captain Samuel",74
Glasgow Bulletin,11
Daily Mail,11
Central News,2
Mowell & Morrison,1
Wide World Photography,6
London News Agency,5
Jen Jen Studio,2
"Franklin, Benjamin",572
"Frank, Edward",1
Gordon Photos,1
"Douglas, L.D.",1
"Kinney, Katherine Olivia",252
"Ryan, Jim",10
"Singh, S.",2
Hastings Photo,1
Lovick Studio,2
Winter and Pond Company,1
Hardinges,1
Boorne,2
May,2
"Campau, Dubarry",1
"Rodgers, John",1
"Stein, Alva D., Jr.",1
"Ford, Basil",1
Native Sons of British Columbia,2
Coffee Dan's Sandwich Shop,1
Government of Canada. Department of Immigration and Colonization. Chinese Immigration Service.,1
Government of Canada,22
Yip Sang Company,963
"Murchie, Archibald",1
British Columbia. Justice of the Peace.,2
"Urquhart, H.A.",3
Chinese Nationalist League of Canada,6
"Yip, Gim",1
British Columbia. Legislative Assembly,17
"Dick, Archibald.",1
Cumming Brothers,1
[Hudson ?],1
"Knight, H.U.",2
"Finley, W.B.",1
Imperial Art Studio,1
"Chapman, J. Howard A.",2
Gowen Sutton Company,1
"Ko, C.Y.",1
"Topley, William James",4
Bradley & Rulofson,1
"Horetzky, Charles",3
King Studio,2
"Kopas, Clifford R.",1
Missionary Society Church of England in Canada,1
White Canada Crusade,4
Mrs. Pearson's Blue Bird Inn,1
Banfield Black & Banfield Ltd.,1
British Columbia Coast Vegetable Marketing Board,1
"Pratt, F.D.",1
Chinese Produce Peddlers' Association,5
"Yip, Quene",12
Chinese Peddlers' Association of Vancouver,1
"Keefer, G.A.",1
"Sing, Sam",2
"Lee, Joe",1
"Millard, C.",1
"King, William Lyon Mackenzie",1
British Columbia. Vancouver Magistrate.,1
"Ekman, Elmer",1
British Columbia. New Westminster Magistrate.,1
"Yip, Victoria",1
"Fong, Roy",1
"Kan, Thomas",2
Mon Fa Printers,2
"McGreer, G.G.",2
Mayor's Office of Vancouver,1
Chinese District Jubilee Queen Committee,1
Chinese Jubilee Trust Fund,1
Vancouver Centre Conservative Association,1
Chinese Tennis Club,1
"Neilsen, Hedlay",1
Chinese Public School in Victoria,2
"Chinese Youth Association of Victoria, B.C.",1
"Don, Wong",1
"British Columbia. Office of Registrar, Births, Deaths, and Marraiges.",1
United States Public Health Service,1
"Xu, Chang Cai",1
Kam Yen Jan Co. Ltd.,1
"Lie, Jan",1
"Chee, Kang Jong",1
Young China Association,1
"Yipp, Fred",1
"Kwong, On Wo",1
"Wright, R.A.",1
New Republic,2
Canadian Pacific Telegraph,7
Yee Lun Co.,3
Huatai Co.,1
"Wiley, Alice Ann",1
Plum Blossom,1
Wo Fat & Co.,1
"Wong, Wa Yew",1
Wing Sang Lung and Company,1
Golden Dragon (Restaurant),2
Sun Peking Chinese Chop Suey House,1
Mandarin Garden Cabaret,1
W.K. Gardens,1
Lin Shing Co.,1
Yee Lun Ark Kee Limited,6
Kwong Man Sang Co.,1
"Lee, Kepment",1
"Lee, Kee",1
"Johnson, W.H.",2
City of North Vancouver,1
Chinese Public School in Vancouver,5
New Westminster Chinese Patriotic Society,1
Hong Kong Wong Clan Association,1
Chinese Canadian Club,1
"Tsun, Shui",1
"Hong, Hing So",1
British Columbia Packers Association,9
"Wong, Bing",5
"Sung, Quong",4
"Sung, Yick",4
Anglo-British Columbia Packing Company,5
"Chung, Nye",3
"Sung, Ham",2
"British Columbia Fishing & Packing Co., Ltd.",1
"Thomas, C.",1
Cheekungtong (Chinese Freemasons),30
Union Steamships Limited,1
Canadian Fishing Company,1
The Western Canada Wholesale Co. Ltd.,1
Suey Sang Chong Co.,1
Wong Chong and Company,1
Sun Chung Wah Company,1
Ying Chong Lung Company,1
W.K. Oriental Gardens,1
Rickshaw Chinese Food,1
Keefer Florist Company,1
British Columbia. Mining Recorder.,1
United Church of Canada. Woman's Missionary Society,1
Grandview United Young People's Society,1
Province of British Columbia,2
British Columbia Heritage Trust,1
Chinatown Historic Area Planning Committee,1
New Summits College,1
Chinese Canadian Heritage Fund,1
Province (Newspaper),7
"Welldon, Christine",1
"Poon, Joanne Mei-Chu",1
Asia Pacific Foundation of Canada,2
Vancouver (Magazine),1
True Light Chinese School,1
"Lam, David",1
"Hing, S. Y.",1
Crystal Bakery,1
"Ching, Lee K.",1
Chinese Herb Co.,2
Hotel Mar,1
Mark Ten Suie Trading Company,1
Chinese Band of Portland,1
Washington (Territory). Auditor.,1
Legislative Assembly of the Territory of Washington,1
First District of California,1
"Smith, George Venable",1
"Shorey, Sam",1
"Hanawalt, John",1
Bing Kong Tong,1
"Emery, C.D.",1
"Gay, W.R.",1
"Wilder, Charles T.",1
"Claypool, Charles E.",1
Medford House,1
California Restaurant,1
Waterman & Katz Building,1
"Howe, Walter S.",1
"Yip, Mow",17
"Yip, Kew Him",5
"Yip, Gibb",4
"Yip, Sang",13
"Curtis, M. Louise",1
"Lewis, J. Baines",1
"Hodges, J.K.",1
"Yip, Cecil See",1
Tapestry New Opera Works,1
Canadian International Dragon Boat Festival,2
Canada. Privy Council,1
"Forster, J.J.",1
"Cumyow, Won Alexander",1
"Yip, Kew Ming",1
"Yip, Wing See",15
Salvation Army,2
Knights of Columbua,1
Photogelatine Engraving Co.,1
Chinese Canadian Association,3
"Shaw, C.G.",1
Pender Y.W.C.A,1
Chinese Merchants of Vancouver,1
Morley Co. Ltd.,2
Kuo Seun Co.,1
Trans-Nation Emporium,1
Gim Lee Yuen Limited,1
"Choy, Wayson",1
Hong Wo & Co.,1
Canadian and Oriental Trading Company,1
G. High Company,1
Eng Chow Company,2
National Executive Council of the Canadian Steel Chinese Grit Documentary,1
"Paulsson, Erik",1
"Bruk, John",1
City of Kelowna,1
Columbia Transfer Company,1
"Meany, Edmond S.",1
"Daily Colonist (Victoria, B.C.)",2
"Phillips, James W.",1
"Mitchell, William",1
"Campbell-Johnston, Amy E.C.",1
"Menzies, Thomas Philip Oxenham",1
"Eastham, J.W.",2
"Art, Historical and Scientific Association of Vancouver",1
City of Vancouver,2
"Twiss, William J.",1
Harpers Weekly,1
Silver Spring Brewery Limited,1
"Lawrence, Annie",1
"McMorrow, John",2
"Lawrence, Clare",1
"Yip, Graham",1
"Choko, Marc H.",1
"Jones, David L.",1
"Unwin, Alec",1
"Angus, Fred F.",1
"Cleator, Iain G.M.",1
"D'Altroy, A.R.",1
"Hesketh, Les.",1
Canadian Airlines International,1
"Cameron, Allan",1
Canadian Pacific Irrigation Colonization Company,1
"Norman, Henry",1
"Nichol, Alex",1
"Thornley, Betty",4
"Macbeth, Madge",2
"Milligan, Doris S.",1
"Thompson, George S.",1
Vancouver Historical Society,1
"Lavallée, Omer",4
"Richeson, David R.",1
"Peach, Jack",1
"Leader-Post, Regina",1
"Devon, James",1
"Fraser, James Alexander",1
"Gibson, Joyce",1
Westin Hotel,1
"Yandle, Anne",1
"McKee, Wm. C.",1
"Trade Show Managers, Inc.",1
Vancouver Hotel Company Limited,1
"Ford, Ashley",1
"Hamilton, Gordon",1
"Hutchinson, J.R.",1
Great Northern Railway,8
"Wheeler, Arthur O.",1
Air Canada,2
"Harris, Frann",2
Trans-Pacicic Steamship Lines,2
Royal Canadian Geographical Society,1
"Shapkin, Linda",1
"Pearce, J.",1
Price Printing Limited,1
Circle Tours Association,1
"Baker, S.H.",1
"Bruc, Gertu M.",1
Chief Buffalo Child Long Lance,1
Canadian National Steamships,4
Brewster Transport Company,2
Canadian Pacific Limited. CP Ships,1
"Wakefield, E.",1
"Pratt, George R.",1
Brotherhood of Locomotive Firemen and Enginemen,1
"Tomicki, John",1
Canadian National Railway Company,8
Hudson's Bay Company,1
"Keefer, Thomas C.",1
American Society of Civil Engineers,1
"Cooper, Fairman and Co.",1
"Bell, Robert",5
Geological Survey of Canada,5
Revelstoke Historical Association,2
"Allison, R.S.",1
"Beatty, Edward",18
"Tupper, Charles",11
Greek Line,1
Vancouver Board of Trade,2
"Kerr, R.",1
"Hale, Katherine",1
"Simpson, Chas W.",1
Chateau Frontenac Company,1
"Sandys, Ed.W.",1
"Bell, H.P.",2
"Borden, Robert Laird",2
"Davidson, Charles",1
"Dewdney, E.",1
"Hewson, M. Butt",1
"Moberly, Walter",1
"Hanley, Ann",1
"Stanton, Robert B.",1
Montreal Gazette,2
"Tuck, Samuel Parker",3
"Macleod, H.",4
William Hoffer Bookseller,1
"Tilley, S.L.",1
"Crump, Nicholas",1
"Fleming, Sandford",5
"Veritas., Philo.",1
"Wilson, William",1
"Howard, Roy E.",1
Canada Post,4
McLelland & Stewart Limited,1
"McMartin, Pete",1
Centennial Museum,1
"Smithers, Charles Francis",1
"Hamilton, John",1
"Thorne, Samuel",1
Guaranty Company of New York,1
"Moore, Gary",1
Esquimalt and Nanaimo Railway Company,26
Raymond & Whitcomb Company.,2
"Blunt, C.D.",1
"Pynn, Larry",1
Sandman Inn,2
"Wilson, Mark",2
"Osadchuk, Greg",1
P. Lawson Travel,1
"Anderson, Garry W.",1
Wayside Inn,1
"Leonard, J.M.",1
Winnipeg Board of Trade,1
Brandon Board of Trade,1
Dominion of Canada. Minister of Railways and Canals,1
"Biggar, E.B.",1
Ontario and Quebec Railway Company,1
"Baring, Edward Charles",1
"Jackman, W.T.",1
"Martin, Chester",2
"Nimmo, Joseph Jr.",1
"Kirkwood, S.J.",1
Canadian Society of Civil Engineers,1
Canada. Department of Trade and Commerce. Dominion Bureau of Statistics. Transportation Branch,1
"Leslie, J.",1
"Heeney, T.",3
"Corgina, G.",1
"DeMorgan, E.",1
"DeMorgan, S.A.",1
"Hamilton-Temple-Blackwood, Frederick",2
"Wilhelm, Honor L.",1
"MacBeth, R.G.",1
"Wortham, H.E.",1
"Lefroy, Walter J.M.",1
National Safety Council,1
"Peters, Denis",1
"Bailey, W.F.",1
"Crane, Frank",1
"Gibbon, J. Murray",1
"Hodge, George",1
"Coleman, D.C.",3
Canada. Governor General (1872-1878: Dufferin),1
"Kennedy, Howard Angus",2
"McLeod, M.",1
"Wells, G.C.",2
"Gray, H.L.",1
"Atkinson, Lord",1
Government of Canada. Board of Conciliation and Investigation.,1
"Smith, J. Harry",1
"Randal, Alan",1
Colonist Printing and Publishing Co.,1
"Board of Trade (Saint John, N.B.)",1
"Crump, N.R.",1
"Shaughnessy, Thomas G.",3
City of Toronto,1
"Stockbill, C.E.",1
"Stephen, George",3
"Ogden, Isaac G.",2
"Smith, Donald",3
"McIntyre, Duncan",1
"Angus, R.B.",1
"Blake, Edward W.",2
"Campbell, Alexander",1
"Chapleau, M.",1
"Langelier, F.",1
"Macdougall, William",1
"McLelan, A.W.",1
"Tasse, Joseph",1
"Langevin, H.L.",1
"Plumb, J.B.",1
"White, Thomas",2
"Dawson, S.J.",1
Canada. Department of Public Works,1
Canada. British Columbia. Provincial Secretary's Office,1
"Bourinot, J.G.",1
"Beaugrand, Honoré",1
"Elliot, Charles",1
Times,1
"Cooke, F.H.",1
"M., W.F.",1
"Morris, Keith",1
Victoria Daily Times,1
Vancouver Express,1
Pullman's Palace Car Company,1
Tourism British Columbia,1
"Huxtable, Nils",1
Railway Appliance Research,1
Canadian Pacific Express Company,10
Canada. Parliament,6
Victoria & Sidney Railway Company,1
Michigan Central Railroad,1
Southern Pacific Company,1
Parmelee Company,1
Pullman Company,1
"Walton, George",1
British Association of Winnipeg,1
Canada. Board of Transport Commissioners,2
Trans-Canada Air Lines,5
Turisanda,1
"Seal, Elizabeth Rayner",1
Peiping-Liaoning Railway,2
"Scidmore, Eliza Ruhamah",6
"Lines, Kenneth W.",1
Cavalier Tours Limited,2
International Travel Service Limited,1
"Wheeler, Elmer",2
Fourways Travel Limited,1
International Railway Publishing Company,1
"Waun, Henry",1
Great North Western Telegraph Company of Canada,1
"Moore, M.W.",1
"Hughes, Lee",1
"Whitelock, C.A.",1
Chicago and Eastern Illinois Railroad. Traffic Department.,1
Coast Publishing Company,1
British Columbia Railway Company,2
"Brotherhood of Railway and Steamship Clerks, Freight Handlers, Express and Station Employees",1
"Amalgamated Press, Ltd.",2
"Mackintosh, Norman",1
"DeMuth, Flora",1
"Phillips, Percival",1
"Morck, G.",1
Studio (Magazine),1
Theo H. Davies and Company. Travel Department.,1
Honolulu Rapid Transit,1
Great Indian Peninsula Railway,1
Illustrated London News,5
"Maclean Publishing Company, Limited",1
United States of America. Immigration Bureau.,2
"Gowlland, Gladys M.",3
Sanders Phillips and Co.,3
"Hammer, Eric",1
Dodie,1
"McCann, Leonard G.",1
"McInnis, Dan",1
"Ritchie, G.W.",1
"Ritchie, G.W. ; Prince George Limited Partnership",1
Frames' Tours,1
"Godden, P.H.",1
"Elliott, Frank S.",1
"Cottrell, George H.",1
"Forster, Mr. and Mrs.",2
"Heathorn, Arthur",1
T Long's Special Agency,1
Chinese Times,1
"Light, John P.",1
Railway and Travel Monthly,1
"Bowen, Frank C.",1
"Musk, George",3
World Ship Society,2
"Edwards, Gillespie",1
Charles Birchall and Sons,1
"Doberck, W.",1
Hongkong Daily Press,1
"Johnston, J.R.Y.",1
"Jolicoeur, E.P.",1
"Ireland, W.E.",1
"Ohori, Joe",6
"Lum, Berll",1
"Lum, Bertha",1
Nederland Royal Mail Line,1
Holland-America Line,1
Northwestern Steamship Co. Ltd.,3
"Boch, Basil",1
"Day, Harold",1
"Holland, A.J.",2
North Pacific Press,1
"Tapping, Minnie E.",1
"Lockett, Alan",1
"Clark, Frank C.",3
"Van der Zee, W.F.",1
Compagnie Générale Transatlantique,2
Shipbuilder Press,2
"McPherson, Marion",1
United States. Department of Justice,1
Oelrichs and Co.,1
Shipbuilding and Shipping Record,6
"Thomas Cook & Son, Ltd.",5
"Smith, David",1
"Newton, Derek",1
Canada. Legislature. Legislative Assembly,159
Allan Line Royal Mail Steamers,13
James Boring Co.,1
British Columbia (Colony). Governor,2
Canada. Royal Commissions,2
"Shackleton, Kathleen",3
Carnival Cruise Lines,2
Sam Wo Hing & Co.,1
"Lim, Bang",1
"Isherwood, J.H.",1
"Meirat, Jean",1
Hotel Negresco,1
Yee Woo Restaurant,1
Hongkong & Shanghai Hotels Ltd.,1
Richard Beard Gallery,1
Richard Beard Marine Paintings,1
"Patten, C.R.",1
"Hosken, Alexander James",2
"Shaw, R.H.",1
Britain. Board of Trade,1
Canada. Department of Marine,1
"Treviso, Louis",1
Travel Guild Incoprorated,4
"Richardson, Florence Elizabeth",27
"Dring, H.G.",1
British Empire Service League. Canadian Legion,3
"Brown, Charles",1
"McGregor, Helen",1
Temple Tours,1
Marine Food Service Equipment and Furnishings,1
"Morris, Elizabeth Keith",1
United States of America. Treasury Department. Office of the Secretary,1
Canadian Overseas Tours,1
"Richardson, C.",1
Canada. Immigration Service,1
National Turkish Tourist Agency,1
Baxter-Davis Advertising Company,1
"Brower, Dorothy E.",1
Tacoma News Tribune,1
"Smith, Franklin",1
"Richardson, Mary Caroline",20
Whitehorse Inn,2
"Johnson, C. Nesbit",1
World Federation of Education Associations,1
Union Steam Ship Company of New Zealand Limited,41
"MacDonell, Andrew",4
Toronto Star,1
Australian National Travel Association,1
Japan Tourist Bureau,1
N.Y.K. Line,1
White Pass & Yukon Route (firm),2
Dollar Steamship Line,1
American Mail Line,1
Hotel Governor Clinton,1
Roxborough Kootenay Hotel,1
Golden North Hotel,1
Dedman's Photo Shop,1
Canada. British Columbia. Department of Lands,1
"Timms, George F.",1
"Hunter, George",1
"Worrel, Francis V.",1
Vancouver Lacrosse Club,1
"LaFleur, Flossie Adelia Studley",1
Sugar News Company,1
Christian Bell Porcelain,1
England. Board of Trade,1
Supreme Moslem Council,1
VIA Rail Canada,1
Canadian Pacific Railway Company. Canadian Pacific Hotels. Hotel Vancouver,1
"Armstrong, M.",1
Elsie,1
"Evatt, G.J.H.",1
"Gascogne, Margaret",1
"Mackinnon, D.P.",1
Canadian Australasian Line,23
Motor Ship,1
"Soo, John",1
"Shaw, Robert Henry",1
"James, William A.",1
"Fredrick, F.",1
"Thornton, M.E.",1
"Thom, Henry",1
Government of Canada. Department of Immigration and Colonization.,1
Rand & Lipsett,1
"Schreiber, Collingwoods",1
Burt,5
"Clark, Annabella",1
Government of British Columbia,7
"Rogers, Albert Bowman",1
"Mackenzie, A.D.",1
"Walbran, John T.",1
British Columbia Cattle Company,1
United Church of Canada,1
Canadian Labor Party,1
"Angus, Henry F.",1
Canada. Department of the Interior. Immigration Branch. Controll,2
"MacInnis, Grace",1
"MacInnis, Angus",1
British Columbia Legislative Association,1
Canadian Grocer,1
"Laurier, Wilfred",1
Canada. Ministry of Labour,1
Anti-Chinese Association,1
British Columbia Audit Office,1
"Yip, Kew Ghim",1
Dart Coon Club,1
"Langevin, Hector-Louise, Sir",1
Mohawk,1
"Grant, George Monro",1
"Sullivan, J.",1
"Joliffe, A.L.",1
"Pope, Joseph",1
"Wong, Eva",2
"Yip, Kew Mow",2
Moore,1
Clandonald Settlers Association,1
"Gallagher, Mary",1
"St. John, Molyneux",1
Canada. Department of Agriculture,1
"Chee, Own Kee",1
United States of America,1
"Gardiner, David",1
"Brodie, H.W.",1
"Courtney, George L.",2
"Dunsmuir, James",2
Théâtre National de l'Opéra,1
Karl Kreß Wwe. & Co.,1
Jones Beach Marine Theatre,1
Department of Marine and Fisheries,1
"Robinson, Hugh G.",13
"Dunsmuir, Robert",3
Wellington and Comox Coal and Coke,1
"Lawrence, George R.",1
Wellington Colliery Company,1
Victoria Terminal Railway and Ferry Company,1
"Prior, H.K.",2
"Brown, Fred S.",19
UTL Holiday Tours,1
Seigniory Club,1
"Boyd, J.F.",1
"Millett, George",1
"McDonnell, T.E.",1
Lucerne-in-Quebec Community Association Limited,2
British Association for the Advancement of Science,1
Government of the Dominion of Canada,2
"McCormick, J.M.",1
"Goetz, Peter",1
Greater Vancouver Convention and Visitors Bureau,1
Westours,1
Hotel Touring and Red Ox,1
Deutsche Zentrale Fur Fremdenverkehr,1
"Taylor, Alice",1
American Geographical Society,1
Brownell Travel,1
"University Tours, Limited",1
Clifton-Ford Hotel,1
Puget Sound Navigation Company,2
Peninsular and Oriental Steam Navigation Company,1
"Robinson, Howard",1
Prince Rupert Daily News,1
Blue Star Line,1
C.W. Hunt & Co.,1
"Robinson, William Health",1
"Armstrong, Anthony",1
Mount Stephen Club,1
"Lynch, Dr.",1
"Van Horne, W.C.",1
"Matheson, Charles Winfield",1
"Mylett, W.J.",1
"Neal, W.M.",1
"Jones, Walter R.",1
Montreal Herald and Daily Commercial Gazette,1
"King, E.F.",1
"Tang, Bob",1
Vancouver Daily Province,1
Maclean's Magazine,2
United Kingdom. Ministry of Transport,1
Compagnie Alsacienne des Arts Photomécaniques,1
Capetown Municipality,2
Durban Publicity Association,1
"Chicanot, E.L.",1
"Wu, Sil Moy",1
"Tsang, Sarah",1
"Sorensen, Chris",1
"Lee-Young, Johanne",1
Vancouver Island (Colony). Victoria,1
"Yip, Brandon",1
Wallace B. Chung and Madeline H. Chung,9
